url,query
NEET paper leak: Physics expert says no prescribed criteria in subject expert selection | India News - The Indian Express,NEET 2026 Paper Leak
https://indianexpress.com/article/delhi/neet-ug-2026-paper-leak-cbi-chargesheet-rouse-avenue-delhi-fast-track-court-nta-10808849/,NEET 2026 Paper Leak
https://www.ndtv.com/india-news/neet-ug-2026-paper-leak-memorising-questions-using-chits-how-testing-agency-experts-leaked-neet-paper-11877440,NEET 2026 Paper Leak
https://www.ndtv.com/video/neet-ug-paper-leak-cbi-is-investigating-neet-paper-leak-education-minister-dharmendra-pradhan-1111048,NEET 2026 Paper Leak
https://timesofindia.indiatimes.com/india/sc-quashes-firs-against-all-neet-protesters-but-hardened-criminals-to-face-trial-cjp-reacts/articleshow/133679430.cms,NEET 2026 Paper Leak
https://timesofindia.indiatimes.com/city/patna/neet-paper-leak-no-evidence-found-against-sanjeev-mukhiya/articleshow/132581866.cms,NEET 2026 Paper Leak
https://www.hindustantimes.com/videos/world-news/neet-row-bombshell-revelation-as-paper-leak-kingpin-arrested-nta-tells-sc-no-telegram-leak-cbi-101720720876594.html,NEET 2026 Paper Leak
https://www.thehindu.com/news/national/status-report-of-probe-in-neet-paper-leak-case-sent-to-centre-says-top-official-of-eou/article68324764.ece,NEET 2026 Paper Leak
https://www.livemint.com/news/india/neetug-leak-2026-cbi-chargesheet-claims-paper-setting-done-at-ntas-okhla-building-what-key-evidence-did-agency-find-11786096704480.html,NEET 2026 Paper Leak
https://www.livemint.com/news/india/neet-ug-paper-leak-case-cbi-chargesheets-13-accused-delhi-court-to-hear-matter-on-wednesday-11785260074344.html,NEET 2026 Paper Leak
https://www.indiatoday.in/education-today/news/story/neet-ug-2026-re-exam-pib-calls-viral-question-paper-leak-claim-fake-2926367-2026-06-14,NEET 2026 Paper Leak
https://www.indiatoday.in/education-today/news/story/neet-2026-paper-leak-exam-cancelled-after-120-questions-matched-2910451-2026-05-12,NEET 2026 Paper Leak
https://www.indiatoday.in/education-today/news/story/neet-paper-leak-centre-to-explain-question-paper-security-process-in-supreme-court-on-august-6-2962957-2026-08-04,NEET 2026 Paper Leak
https://indianexpress.com/article/india/neet-paper-leak-cbi-nta-chargesheet-10827136/,NEET 2026 Paper Leak
https://indianexpress.com/article/education/nta-search-exam-centres-neet-paper-leak-online-10859874/,NEET 2026 Paper Leak
https://indianexpress.com/article/cities/mumbai/at-centre-of-neet-leak-maharashtra-drafts-law-to-rein-in-coaching-centres-10845419/,NEET 2026 Paper Leak
https://www.thehindu.com/news/top-news-of-the-day-june-20-2024-bihar-deputy-cm-alleges-tejashwis-close-aide-linked-to-neet-leak-patna-high-court-strikes-down-hike-in-bihars-quota-for-deprived-castes-and-more/article68312515.ece,NEET 2026 Paper Leak
https://www.thehindu.com/education/neet-ug-paper-leak-row-exam-to-go-fully-computer-based-from-next-year-says-education-minister-pradhan/article70981929.ece,NEET 2026 Paper Leak
https://www.thehindu.com/videos/neet-leak-row-reaches-supreme-court-plea-seeks-statutory-status-for-nta/article70989848.ece,NEET 2026 Paper Leak
https://www.hindustantimes.com/india-news/delhi-court-flags-criminal-breach-of-trust-by-3-experts-in-neet-ug-paper-leak-101786608531104.html,NEET 2026 Paper Leak
https://www.hindustantimes.com/india-news/who-are-3-nta-experts-tied-to-neet-paper-leak-who-abused-position-p-v-kulkarni-manisha-mandhare-havaldar-cbi-chargesheet-101786159370721.html,NEET 2026 Paper Leak
https://bengali.news18.com/videos/national/neet-paper-leak-cbi-2840697.html,NEET 2026 Paper Leak
https://bengali.news18.com/videos/national/neet-paper-leak-cbi-exclusive-18-bangla-news-2839810.html,NEET 2026 Paper Leak
https://indianexpress.com/about/neet/,NEET 2026 Paper Leak
https://www.ndtv.com/education/neet,NEET 2026 Paper Leak
https://timesofindia.indiatimes.com/topic/neet,NEET 2026 Paper Leak
https://www.hindustantimes.com/education/competitive-exams/neet,NEET 2026 Paper Leak
https://www.hindustantimes.com/education/competitive-exams,NEET 2026 Paper Leak
https://www.indiatoday.in/education-today/news,NEET 2026 Paper Leak
https://www.livemint.com/topic/neet,NEET 2026 Paper Leak
https://www.thehindu.com/education/,NEET 2026 Paper Leak
https://www.news18.com/education-career/,NEET 2026 Paper Leak
https://www.news18.com/topics/neet/,NEET 2026 Paper Leak
https://www.hindustantimes.com/ht-insight/education/,NEET 2026 Paper Leak
https://exams.nta.ac.in/NEET/,NEET 2026 Paper Leak
https://education.indianexpress.com/,NEET 2026 Paper Leak
https://timesofindia.indiatimes.com/education/news,NEET 2026 Paper Leak
https://www.hindustantimes.com/education,NEET 2026 Paper Leak
https://indianexpress.com/section/education/,NEET 2026 Paper Leak
https://www.thehindu.com/tag/756-1135/neet/,NEET 2026 Paper Leak
